case_id,customer_id,contact_channel,issue_category,ai_handled_flag,ai_model_used,ai_confidence_score,customer_sentiment,sentiment_score,csat_score,prior_escalations_count,churn_risk_score
be14275e-093e-4a5e-a508-54ebd3a3da90,87746ca1-c119-4197-8540-0bde1b07f9ae,chat,missing_order,0,cx-automation-v2,0.67,neutral,-0.42,3,2,0.68
284edc26-5fef-434a-9f58-f820bfe5d7fe,a1e9897e-aa34-464e-b148-d38311e214ec,phone,refund_request,0,support-ai-lite,0.93,negative,-0.57,3,0,0.84
50c3c471-98ca-44a2-b78b-4829b553e1f0,0397f986-1e6c-4d5d-a7e3-f75ff8642bfe,phone,delivery_delay,1,cx-automation-v2,0.89,negative,0.05,5,0,0.35
6be938be-703a-4b48-9323-424a9bcdf318,cf4c0887-3543-4821-a426-dff9ccbe91bd,email,missing_order,1,cx-automation-v2,0.75,positive,0.95,2,2,0.74
c529f82b-500e-41f4-868d-1d9b03c50beb,6efbee0f-669e-44a0-9b36-02a2e889cad7,chat,delivery_delay,0,gpt-support-v1,0.67,positive,0.29,1,3,0.18
92b9bc67-e03f-4638-a5f1-23a90748b03f,ce66c1e7-f9a0-4a79-a503-f340baf7280a,chat,damaged_item,1,gpt-support-v1,0.8,neutral,0.65,3,3,0.5
ba26695b-3acd-4e82-8541-30bd6aaa785f,927625df-f735-422a-9baf-dbee06b79f28,phone,damaged_item,1,gpt-support-v1,0.83,negative,0.57,3,2,0.45
f2f32fc4-e8bb-4447-9e54-5822c5032855,2ef34d85-049e-43b8-b506-1d8704be3f31,phone,damaged_item,1,support-ai-lite,0.8,negative,0.09,3,3,0.9
7934a797-b2d4-4c80-b8b3-25cc9a145984,3578814d-4cf9-4a64-8af2-738b83dfc907,phone,refund_request,0,gpt-support-v1,0.62,neutral,-0.11,4,2,0.18
52699216-406d-4ba7-b38a-8dca257ea3f2,768b3841-3e7a-4d39-b413-4d81cda6f50f,phone,delivery_delay,1,gpt-support-v1,0.95,neutral,0.97,4,1,0.27
472d413b-6a8f-4581-9904-e1c9bd0193c2,f591a9ca-9769-4abc-9434-485168b85b55,phone,refund_request,0,gpt-support-v1,0.84,positive,0.02,1,0,0.84
bfc1b129-134c-4215-8f6d-6c56e467252d,4a914853-593d-42fe-a98b-7a049464f772,chat,missing_order,1,cx-automation-v2,0.76,positive,-0.04,3,1,0.47
6145f0b9-3a7b-49e4-9aa1-9c1d02d51482,14f0f9e2-cdcc-428e-bbd3-3cad4793698d,email,damaged_item,0,support-ai-lite,0.83,positive,-0.46,3,3,0.56
78c9bfe9-20ac-4fa6-a04c-8617e51e0304,c5de67c9-df3b-4000-806c-a97e0ac70e2c,chat,damaged_item,0,cx-automation-v2,0.66,neutral,-0.11,1,3,0.5
efd5fac7-77ce-47d4-9d5c-52aaeb843674,48ef0d89-4a71-4c60-b6d4-fc0b31505221,phone,product_quality,0,support-ai-lite,0.89,neutral,0.54,5,0,0.49
d55b2547-79b4-431d-8b7c-4b40f3c6731a,760e4eef-7517-4c78-962d-9ef66d816989,phone,refund_request,0,support-ai-lite,0.78,negative,-0.79,2,2,0.12
83ef0fc4-d37f-4946-9e4f-6e16acaedf36,90d28368-41bd-499f-aca6-884467d0ee05,phone,missing_order,0,gpt-support-v1,0.74,neutral,0.56,2,3,0.8
02ee037a-5227-4305-9699-5e59699c34a8,e89af818-5916-48fd-8aaf-9546db66222f,chat,missing_order,0,cx-automation-v2,0.81,positive,-0.99,1,1,0.57
ca7a60ee-ff46-412c-ab44-abcbc4819afd,dab52e0e-fd86-4839-821a-7d11a5917044,email,delivery_delay,1,cx-automation-v2,0.93,positive,-0.57,3,0,0.38
049b4bcd-c25d-49d5-bcb8-ac03d0b2291f,db662454-73e3-4288-9105-11af77d2a5ce,email,delivery_delay,1,cx-automation-v2,0.69,neutral,0.03,5,3,0.44
d6c4e13c-312d-4a7c-850d-9aaff9e2d980,0bcf9e55-27ad-4fce-8377-f47bb62f4ff7,email,delivery_delay,0,support-ai-lite,0.7,positive,0.27,1,2,0.72
63be387e-c2df-4e66-b402-23191544ab7f,9ea68161-2d80-44d4-bef0-380b0dab4d07,email,damaged_item,0,cx-automation-v2,0.82,negative,-0.31,1,3,0.51
a8944c1e-4647-40c9-a375-08d2df536651,acab8957-3f6f-419f-adb6-651e987c886d,chat,damaged_item,0,cx-automation-v2,0.63,negative,-0.51,2,3,0.29
0e295bdf-7c4a-4946-bf8a-9315778aaf5f,b529210c-3f86-48fc-876d-ac6894e50971,email,product_quality,0,gpt-support-v1,0.99,neutral,0.18,3,3,0.15
5cb2f1f8-b2c6-44b5-b960-2cf191bf3aaf,c26a2082-68f0-49ed-bf5a-785b82084f39,chat,refund_request,1,cx-automation-v2,0.63,negative,-0.52,3,0,0.14
755acc07-e0eb-4688-8799-d5250b3cb9fa,127ee37b-1cb6-4c49-a6ce-c544a822e7e7,phone,missing_order,1,support-ai-lite,0.87,neutral,-0.82,4,3,0.28
2e7c89c0-8ac7-4133-a254-f6a74218931f,74973541-a18d-4e30-bb21-5fd756bea5f9,email,missing_order,0,cx-automation-v2,0.81,neutral,0.1,4,0,0.46
96535723-b2fa-414f-9afa-20ba093ba1c0,875807d2-e05a-41a1-9534-c4a3e2d868c4,email,delivery_delay,1,support-ai-lite,0.92,neutral,-0.39,2,1,0.17
77e81ca2-1810-4e86-91ea-cc7018e4500a,6fda7b97-cb7c-4c6d-b896-71149846260c,email,missing_order,0,gpt-support-v1,0.71,negative,0,1,2,0.26
fb779369-8c5d-42c5-8495-47457712400b,e8afd44f-560c-4f31-b65b-e55c9073c50a,email,delivery_delay,0,cx-automation-v2,0.65,neutral,-0.89,3,1,0.55
6fd39773-52ae-4cf2-98fe-37917026e094,ea159877-9c34-4257-8c54-0b92f62a538d,email,delivery_delay,1,gpt-support-v1,0.67,neutral,-0.47,3,0,0.18
1f1cffb6-f75c-47bd-a5b2-647a5b0bb64a,d3b9f328-32d5-4b38-8a64-b66cd0b24d28,email,delivery_delay,0,gpt-support-v1,0.74,negative,0.56,3,2,0.26
c33dd30e-81f6-47cc-8619-238c4d736136,b0d480e2-f774-4e3e-b661-2a837cbf2c47,email,product_quality,1,cx-automation-v2,0.62,positive,0.42,2,2,0.64
9f576bfb-62a6-425b-8b40-d908634e6ec8,cd3c4752-4160-4fd4-b50e-24976bf2d894,chat,missing_order,0,support-ai-lite,0.8,negative,-0.87,4,2,0.55
2599d100-36aa-4bdd-8272-566ae7ff8ae3,4b29d451-81e3-4d1a-a262-0b7868b54e86,phone,delivery_delay,0,support-ai-lite,0.61,neutral,0.45,1,1,0.54
c6517297-f142-4219-808f-3c85f00389bc,64f21def-8d7c-4e31-a8f7-f15b7ac5d8ed,chat,delivery_delay,1,support-ai-lite,0.65,neutral,0.64,3,1,0.89
0e2d7bfe-3205-425f-86df-09c390117da1,7f1d413e-6c46-492f-8473-b3927fef97f9,phone,delivery_delay,1,gpt-support-v1,0.6,positive,-0.45,5,0,0.2
5c97a4f2-a7f2-4676-883b-aaa4f3b701f0,a62be203-7e6f-45e9-8947-e82651ba2cec,phone,product_quality,1,cx-automation-v2,0.71,neutral,-0.44,3,3,0.25
cdcb7fd5-92b3-4489-b701-a45993b788bf,e6eaf8cc-84c8-4b9d-b176-fa5a90d40561,phone,missing_order,1,gpt-support-v1,0.97,neutral,0.99,3,1,0.41
716aedd7-b9da-4032-8a12-3d1424f4838a,14750c94-8718-4f52-89e9-028461e0609f,email,delivery_delay,1,cx-automation-v2,0.67,negative,-0.87,3,2,0.57
5a0111fd-2781-4c01-af80-b1bafb0fb07a,41f45a23-9484-4a7c-abaa-80fdc443cdb3,email,damaged_item,0,support-ai-lite,0.72,neutral,0.28,1,0,0.87
819f4cc6-3e76-419e-bac5-d0f8a966ad91,796fec74-b4a8-4c22-a8d4-21d1d49fc70b,email,product_quality,0,support-ai-lite,0.72,positive,0.91,4,0,0.19
6ece7e9e-5834-4329-bb07-8a1d752d26a6,2ed59373-5638-499c-a92d-1b97fa37bd2b,chat,missing_order,1,gpt-support-v1,0.91,neutral,-0.26,4,3,0.82
c00e1524-0a97-40cd-8500-932ba802af7f,d2023116-aeb5-4d54-93b6-3096f90d4612,email,refund_request,0,support-ai-lite,0.81,neutral,0.41,3,0,0.26
4fa1c668-98da-4f8e-9a23-173f29b14f39,51a929a3-51fd-4117-869a-f2f9ea8fd590,phone,damaged_item,1,gpt-support-v1,0.82,negative,-0.14,3,3,0.41
53f1392f-2513-43c3-a35b-619e6a152582,e29ede6d-5f81-483f-8bbe-30f0c46f44b9,email,refund_request,1,cx-automation-v2,0.69,neutral,-0.68,1,0,0.22
a23f27f6-2e91-4e60-934f-8e8637ba4ef7,4d04c52f-1763-41b7-91b5-f18b07353a6e,phone,damaged_item,1,support-ai-lite,0.69,negative,0.84,5,0,0.9
5dcaefe4-e2f7-4226-879e-513178c4d3b1,c6bd5455-b331-41dc-b220-cbaeb6c776ba,chat,delivery_delay,0,support-ai-lite,0.62,negative,0.56,1,2,0.2
020f8483-e261-4e57-bc36-c050b6e487e9,5130cba8-7fa5-4c39-89a3-887d2918990a,email,refund_request,1,support-ai-lite,0.95,positive,-0.47,3,3,0.84
35140670-48b5-46ad-9b91-a7747ec791dd,74094ac8-6911-4847-99fc-360dd75fa6f4,phone,missing_order,1,gpt-support-v1,0.81,negative,-0.13,2,2,0.7
70575f6a-42e3-4edb-85cf-af10ee2ddc93,d1c373f8-c9e3-4a96-8906-161555826c5b,phone,refund_request,0,gpt-support-v1,0.9,negative,0.63,2,1,0.62
0428e68c-75ec-43b5-bbc1-a8187cd28503,2a28b628-2307-4741-9a53-ea004f2d113b,email,missing_order,1,cx-automation-v2,0.9,positive,-0.02,5,2,0.59
ec618b6b-7517-47cc-9794-2092ccec5914,35248f4b-1f2c-4537-89d4-14e28ae0d697,chat,refund_request,1,gpt-support-v1,0.8,negative,0.44,5,3,0.66
96a823d8-74b2-4161-af28-c20ff77c3935,fc4d80d0-fb84-4620-83d7-7b4770ffd5f5,chat,damaged_item,1,cx-automation-v2,0.79,negative,-0.03,3,3,0.17
59fbab16-0cbd-4223-9e08-d025b2a0d726,42f8ea36-e648-4f72-95a4-6b2a4c1a43f9,email,missing_order,0,support-ai-lite,0.89,positive,0.65,2,1,0.21
0da21727-02f1-4674-97b8-1176da2c34b3,a4ef25b3-51af-49f2-9020-8470c57f240b,email,product_quality,1,cx-automation-v2,0.79,negative,0.57,2,2,0.34
0b9956f0-316e-4753-8e80-145acedc9b70,44fb8f79-ae66-44d6-a5df-aa1fe898014e,phone,missing_order,0,support-ai-lite,0.82,negative,0.31,1,2,0.15
2b8abf38-ea5c-4891-bf87-f74212038c42,a1be8a75-7447-4ae5-b069-ed2ea4f01075,chat,damaged_item,1,support-ai-lite,0.62,positive,-0.5,4,2,0.62
15621456-966f-4f9c-820f-ac86a53f3189,85751143-1b4a-42ba-9348-54aa674a4356,phone,refund_request,1,support-ai-lite,0.78,neutral,-0.56,4,1,0.77
0313afa0-0150-4a8a-8c8c-c4c69c87c225,4232a6b8-56b6-45a7-a002-a9ffbb05fa44,email,damaged_item,1,gpt-support-v1,0.67,neutral,-0.71,5,1,0.65
3791361a-2c38-4b26-8412-fbd76c7786b5,fc7205e3-b256-4f71-a2cd-4c9edacb35aa,email,delivery_delay,0,cx-automation-v2,0.93,negative,0.23,1,3,0.52
6cd58c65-a18a-447e-acdb-ccc6ae0dcc7c,23c01b62-872e-4479-b8c0-9abf9a32bfc1,chat,product_quality,0,support-ai-lite,0.81,positive,-0.77,2,1,0.37
e9980ed7-fae3-4e32-b15c-d42e88e1fa09,eef43463-c525-46be-8fbf-3f004d4b75c0,phone,missing_order,1,gpt-support-v1,0.7,negative,0.6,3,0,0.66
066d1201-e8a1-4b7e-8861-3d5c7d8ac206,4c1982f8-b524-4b02-bb09-f39820ce1f25,email,damaged_item,1,cx-automation-v2,0.69,positive,-0.62,1,1,0.48
9406faf7-abe3-47f6-a13d-686c73c353dc,7c965ce2-079c-4dbc-8b2c-68c525d9e5c8,chat,damaged_item,1,gpt-support-v1,0.69,positive,0.77,3,0,0.31
efbb5fd8-1c44-466e-bd89-e1f5b6e883eb,dec25b95-ef44-4d3d-b1c1-8d4b38f1110c,email,product_quality,0,support-ai-lite,0.84,positive,-0.8,1,3,0.27
1f8863da-20b0-4161-bad4-c076d4e41277,4902b53d-c300-4af4-8600-8e50776a1643,email,delivery_delay,0,cx-automation-v2,0.6,positive,-0.49,1,0,0.7
1005010c-5d8e-4fea-a4f8-86495053229c,a0b42eca-d635-4709-8640-5e3ed22b628b,chat,delivery_delay,0,support-ai-lite,0.65,positive,0.25,1,0,0.5
081aef39-011f-4014-af2a-890b6c86042e,752a1912-3e77-4c29-81db-451bac9fa472,email,refund_request,0,support-ai-lite,0.83,neutral,-0.95,5,1,0.77
97fdfd3c-b78b-43b9-b916-1d04efad79e1,13bb578a-49e6-415a-97b2-4c2d4348c2ed,phone,refund_request,1,gpt-support-v1,0.97,negative,-0.42,5,1,0.29
7e86338d-22bb-4975-9250-3ddeefb1c00a,c217d54d-47bf-4a49-ab42-d869f42cb375,phone,damaged_item,1,gpt-support-v1,0.7,neutral,-0.06,3,0,0.84
e87d5bcc-49a6-4422-86c7-6424d4d7b226,6d6c6434-2ab7-4eab-abe6-854154f48f22,chat,missing_order,1,cx-automation-v2,0.83,neutral,-0.02,3,2,0.34
50521969-f0b6-4faf-afbb-80ec5c2ff6cc,cf27a829-7680-45c8-b171-0980c02dba3a,phone,missing_order,0,cx-automation-v2,0.86,negative,-0.62,4,0,0.3
59522791-74ef-4b22-85d7-a18d7f728adc,83105b55-5234-4ce2-b162-8451e89a69b2,phone,refund_request,0,cx-automation-v2,0.72,neutral,0.74,5,1,0.7
f306697d-b014-4dc3-8d72-09c5fbb27e3a,2cd4a8fd-ff0c-4dfd-a2e1-a5c7526724da,phone,refund_request,1,cx-automation-v2,0.8,positive,-0.33,4,1,0.77
ca23f8fb-ed32-410d-a0cd-b446027352e5,b18ce071-123b-464a-872e-4cf9b35b110f,email,missing_order,1,cx-automation-v2,0.62,positive,0.41,4,1,0.47
686260c3-4dd0-4502-84c1-4fb65b53b242,978dc531-d63a-46df-a0be-d55cfaa82397,email,refund_request,1,support-ai-lite,0.62,neutral,0.81,1,1,0.85
72e16fa1-9294-45f3-ae21-e19f67725874,10174145-de5b-4202-8d8d-1bff39aa333b,chat,damaged_item,1,support-ai-lite,0.73,neutral,0.51,1,0,0.29
044988da-65a4-4c01-9e35-c3cb401e2648,1b0ddc76-7eb3-4c53-8cd1-df4225f4c7a7,phone,damaged_item,1,gpt-support-v1,0.86,neutral,0.63,1,1,0.38
1f23a9a0-d0bc-4486-94ac-fb1c881e1b11,eea24101-3703-4055-97ff-1563c3cfb74b,phone,refund_request,0,gpt-support-v1,0.62,positive,0.69,2,2,0.44
b49adbdb-7477-4214-bdc6-3754579c6586,4ad46518-6b8d-470c-80ab-5fb35f86159a,phone,damaged_item,0,support-ai-lite,0.87,negative,-0.22,1,3,0.59
f8e066a1-e0e6-4a6d-bc98-4735545c9bae,421c597e-a07a-4c4c-8c50-4ddfee2ff862,phone,product_quality,0,support-ai-lite,0.74,negative,0.77,3,2,0.6
4530ed1a-b76f-45b9-9f35-bb15e0d71fd9,9643712d-1bdf-4614-8378-f21c91cb4526,email,product_quality,0,support-ai-lite,0.68,neutral,0.81,2,2,0.58
05ad5160-fcb7-43d0-90d5-16c0a6b8d91c,fc0774fb-e4fb-472b-8749-252f565855a9,chat,damaged_item,0,support-ai-lite,0.81,neutral,-0.51,5,3,0.83
9130b483-9b9b-4837-9c10-ba122e002b5b,496f3597-85b4-4e22-952e-1b082084c150,chat,refund_request,1,support-ai-lite,0.97,negative,0.6,1,0,0.79
50f3feb6-d2d2-49a7-b3dd-2bdf3d3f4a55,b1d9c544-5068-452d-8032-6beddfb4b41b,phone,damaged_item,0,cx-automation-v2,0.86,neutral,0.35,1,0,0.41
99a3e9eb-6143-4f5c-95a1-b6066a9f3945,1bcbde89-2c4c-4d80-b43f-020697a91bec,email,delivery_delay,0,cx-automation-v2,0.92,positive,-0.32,5,2,0.42
b403e740-7a37-45b6-b46d-ef5fcf672299,106ae946-50ea-4c78-a0a8-87fe752407c2,phone,product_quality,1,support-ai-lite,0.94,positive,-0.03,2,3,0.76
1b1eff74-7141-45fc-884e-1bec79100033,c1823607-e6d3-4859-98df-ee9fff9695e7,phone,delivery_delay,1,support-ai-lite,0.77,neutral,-0.02,1,1,0.8
3a31a493-3ab2-43db-9f1a-6a1b16d1e4cc,30db1ff8-c8b6-4af1-8f43-c2342f19e927,chat,missing_order,1,cx-automation-v2,0.71,positive,0.68,1,0,0.35
eb77b2db-f4d8-4500-b4ec-9932ce5e2599,8d64f272-c829-4ea5-9d08-42001e5700f6,email,refund_request,1,cx-automation-v2,0.82,negative,0.72,5,2,0.75
05f5631e-dc66-49f3-bc81-b2f819927e69,d0484d21-9130-4c5f-b7f7-1b486c2bf529,email,missing_order,1,cx-automation-v2,0.84,positive,0.76,3,3,0.38
f1ee7fcd-ff1e-4737-8fcc-08fca8b3442d,3eccf446-d137-471c-90dc-8d92e03d9874,phone,refund_request,1,cx-automation-v2,0.78,positive,0.6,1,1,0.73
b1efbc0d-ce9c-4d53-87f4-1fd416484a77,b7a4ce28-9d78-448a-a5b7-3fa505d698a9,chat,product_quality,1,cx-automation-v2,0.77,neutral,-0.69,3,2,0.3
a3d657d8-cba8-4083-ba1b-3780996feb78,d76f3978-1191-446d-9d9a-397c45c9627d,chat,refund_request,1,support-ai-lite,0.91,positive,-0.33,5,0,0.51
73cff6ca-aced-48fd-bb70-9dcfa2134674,9a2eaf1e-1afe-4cf8-b04f-f95757980885,phone,product_quality,0,gpt-support-v1,0.82,positive,0.84,2,1,0.3
558f0dab-b9e1-479f-a31f-eed0aa16a61a,85357b94-4c7b-47d0-8221-79f5620b194d,phone,refund_request,1,cx-automation-v2,0.82,neutral,0.26,4,3,0.45
60935765-f775-4297-9da7-97dfcf0a391f,e934184c-7d0d-4195-919f-cad1038bc278,email,refund_request,0,cx-automation-v2,0.93,positive,0.55,5,3,0.72
1dd29f1f-e806-472e-b88e-cc6a8d915f36,7572a7eb-c17d-4a0a-bc9c-c15b5a722614,phone,delivery_delay,1,gpt-support-v1,0.9,negative,-0.5,4,0,0.88
ae995892-b32a-462d-a8a9-b95e93ef5332,2e234116-f81c-4c8b-8109-1573db8f2ab0,chat,product_quality,1,support-ai-lite,0.84,neutral,0.82,1,2,0.61
0eb7f107-b069-4a9c-9ac4-7d0ee8477ab7,6a951b29-0aa3-48bb-8df7-8f090480dc33,chat,delivery_delay,1,gpt-support-v1,0.72,negative,0.39,4,0,0.64
5c05aadd-9cf2-40f6-ab7e-c9adf6266b83,f940b5ce-12a2-43c6-9689-6cef10ff5a99,phone,delivery_delay,0,gpt-support-v1,0.64,positive,0.15,1,1,0.61
b5ec5cba-6fef-4f46-9746-a59c3b28c24f,01ef7c44-de0c-484b-b381-428670aa62b6,chat,delivery_delay,1,gpt-support-v1,0.73,positive,-0.07,1,2,0.79
7741de10-30b6-4893-b091-f2c595d3880f,17e7ad34-3715-452b-8f3b-b733b1dfea78,email,delivery_delay,1,support-ai-lite,0.97,neutral,-0.05,2,2,0.24
1ce7293e-87f1-44c2-a472-ca4dae8389d9,0201569e-9985-4522-a511-e06befba7547,chat,damaged_item,1,cx-automation-v2,0.86,negative,-0.74,2,1,0.7
00c25063-0559-431b-9e4b-d74e4b5593ad,275ebc6e-ee1a-47b4-8e51-a1c56f787487,email,missing_order,1,gpt-support-v1,0.67,neutral,0.31,4,0,0.43
1d4547fc-2299-4e4c-a7d6-7f85f51a279e,1f5ae24b-33c3-4dc7-9e7f-bc5990b47c18,email,damaged_item,0,cx-automation-v2,0.89,negative,0.52,3,1,0.16
1d6736c8-1b78-487b-838a-8d5ae287d2bf,aeb249f1-7f9f-4f32-8da5-af5efd4a1203,phone,refund_request,1,support-ai-lite,0.61,neutral,-0.72,2,0,0.54
970644af-7441-491c-83fd-fd4dd69facf4,b1a40592-f5c0-43d7-9085-785204b3e8f7,chat,product_quality,1,support-ai-lite,0.61,positive,0.91,2,1,0.16
200c921e-1113-47f9-8af0-b8229e8279e9,34a23e42-0a7e-4b47-8953-93acaf5b25d5,phone,missing_order,0,gpt-support-v1,0.87,positive,0.81,2,2,0.88
ce2382e5-1923-47ca-8cf2-a58798a8c3aa,a7d94ce3-8aa0-4343-9660-d12d419e2b0b,phone,damaged_item,0,support-ai-lite,0.82,negative,0.35,4,0,0.46
ed47f7f0-46ff-4732-8a5c-596d35f481f1,c5d303a2-1671-47b6-a7d2-8fa8de8faf04,phone,delivery_delay,1,gpt-support-v1,0.72,negative,0.45,2,1,0.55
5baefeb3-9255-4dbf-b127-fa7754a065d8,67e8f384-ec4f-4ffe-abea-b6f897d378da,chat,damaged_item,0,cx-automation-v2,0.91,neutral,-0.59,2,1,0.53
9f6d4259-f79e-46b2-8ebb-341e1c826094,30589dce-e2f6-4a5b-9a95-9e24b64f4c91,phone,product_quality,0,gpt-support-v1,0.7,negative,0.74,4,2,0.71
61d7b93e-5c32-4785-95d3-0db0366ae352,ea84d070-c0a4-4b80-b0d2-33bedcbbb53d,chat,delivery_delay,0,cx-automation-v2,0.74,negative,0.82,3,1,0.24
a0f1ec5e-2462-403f-b13a-e67378bf7596,198a9630-2f67-4282-873f-f544224d669a,chat,product_quality,0,support-ai-lite,0.72,positive,-0.32,1,2,0.46
d67d9485-7248-4cbc-8cd6-576abf782441,9c59e6a2-1a84-4295-b460-dccf873e9b75,email,product_quality,0,cx-automation-v2,0.88,negative,0.49,2,1,0.66
2df11bad-68ad-4eee-8e89-8e39461778a8,466b5893-6ae1-4626-afe0-08b4f07c46d2,chat,missing_order,1,cx-automation-v2,0.8,neutral,0.98,5,1,0.89
75eee7aa-d460-4db9-8744-8e76785ad272,4783d86b-61ee-4334-8591-61d87c431ae7,email,damaged_item,1,support-ai-lite,0.95,negative,-0.09,2,3,0.62
d46f7fc3-e026-4424-9ab8-cbff0832045b,f3dc65dc-62a4-489e-acf0-931db5f4e96a,phone,refund_request,1,cx-automation-v2,0.61,negative,-0.72,1,1,0.56
a2f5436e-a236-45a5-8f42-b0ac4ec2d6d6,724b8168-2e13-4a9e-9c60-8b0292643a3c,email,refund_request,1,support-ai-lite,0.97,negative,-0.33,1,1,0.61
ad5c0693-4872-4934-84af-57950330db71,b762f2da-179b-4d17-a61a-73b375bf4b0f,chat,missing_order,0,cx-automation-v2,0.79,negative,0.59,3,3,0.35
40a5f718-30a8-4a2e-994a-fbb661f51aac,336d326e-0b99-432a-ad60-90eecc60e8a4,email,missing_order,0,support-ai-lite,0.86,neutral,-0.41,1,3,0.24
cf50e267-f678-4802-8099-b7036f17844c,375bd18c-60d5-430d-8b45-08816cf3abcc,phone,damaged_item,0,support-ai-lite,0.6,positive,-0.13,4,0,0.74
1da6f216-685a-485a-b3a2-b8df7b7826a5,e2f59125-9ceb-4035-87c0-ef3fd77943b0,chat,damaged_item,1,cx-automation-v2,0.89,neutral,-0.07,5,0,0.28
69a1315b-1be5-46f7-a318-f7aa74aae067,be638a9d-e2a5-49d9-bb9e-7a61daba0436,phone,delivery_delay,0,gpt-support-v1,0.94,neutral,-0.25,5,2,0.24
39d08db7-e148-4ecd-8fa1-209593dd4035,f2c14afa-4d80-4572-882c-5d541345f104,email,missing_order,0,cx-automation-v2,0.95,negative,0.15,2,0,0.67
8cb69e4b-4bbe-4657-b3c7-d0ed6e8e889b,0e2a6c5a-b40f-46fb-8831-db026ad27526,email,product_quality,0,gpt-support-v1,0.6,negative,-0.1,2,3,0.16
8ad45bbf-8da1-4b48-9a11-770aaef7864d,88d41031-9cb9-497b-a303-7e77d7c6efbe,email,delivery_delay,0,cx-automation-v2,0.69,negative,-0.56,2,1,0.49
dd583070-0031-4d31-868a-c8ca870ea184,fbe5b901-ba1e-40d4-ab44-334e0bf5df8b,phone,refund_request,0,gpt-support-v1,0.75,neutral,-0.57,4,1,0.76
c546bd64-760a-42ce-b610-e01831816993,d4ddcf49-615f-477e-ae78-f4f294e33c91,chat,delivery_delay,1,gpt-support-v1,0.62,neutral,-0.48,1,3,0.42
532c1f3f-a249-4844-b4b7-3d4df15c3456,b6896695-0610-4143-8b79-2f83876e3113,phone,delivery_delay,0,gpt-support-v1,0.82,neutral,-0.35,2,1,0.73
e2416430-1c66-4a49-844e-bc82829cc899,effdf233-7d4f-496f-b708-d858f60ebbd5,chat,delivery_delay,0,cx-automation-v2,0.68,negative,-0.54,4,0,0.67
ad968ecf-fd99-4134-bb86-0bd0f920f0f6,76e62f7e-af54-47d2-b259-c84276240bdd,phone,damaged_item,1,support-ai-lite,0.95,neutral,0.7,5,3,0.26
44770d2a-a965-4856-a3cf-e3c617fa60df,75987fb6-cc44-4a96-b950-828f74af0162,chat,damaged_item,0,cx-automation-v2,0.62,negative,-0.08,2,2,0.85
37f21cfe-bfeb-4e93-95cf-b54ac697a520,3c7ca4a1-4057-4c21-9370-bfe394f94744,email,refund_request,0,gpt-support-v1,0.79,positive,0.64,4,2,0.12
fc0b8084-48b8-4bbe-aea1-0d5e8b2ed793,4e4230b2-556f-4ed0-a5ce-f0ecf23d10e4,chat,refund_request,0,cx-automation-v2,0.78,neutral,-0.08,4,2,0.66
7c310a28-4529-42ff-8612-62760b9fc7b1,be149d9a-6fd4-4490-bab8-0562fcfb9dc7,phone,delivery_delay,1,support-ai-lite,0.68,positive,0.98,3,3,0.42
6f086f96-35cf-4e07-888f-0ea97dd14ee3,a87083bd-1709-4485-a6d9-775be394d9f4,chat,delivery_delay,0,support-ai-lite,0.75,neutral,0.19,2,2,0.53
fe9d94a1-f301-4f94-87c0-b475eca17cad,8548feaa-d385-42f5-b125-b0388faa0b65,phone,missing_order,1,gpt-support-v1,0.93,positive,-0.07,1,1,0.22
f1cdc527-abf2-4214-98dc-993ca0515fa5,d5b8645f-4e32-4c88-98cb-3021a0625c16,chat,product_quality,1,cx-automation-v2,0.94,positive,-1,5,1,0.78
a4c95994-bf3b-4cd6-bf7e-ca74caec74cd,32643416-04a6-48fc-8344-a4619ad51001,phone,delivery_delay,0,gpt-support-v1,0.64,neutral,0.85,4,0,0.69
e9fa18d2-bb9a-4b9b-bd59-63142e67148a,4d369e1a-3518-4fe8-af5b-51fdd75cf4dc,phone,refund_request,1,gpt-support-v1,0.92,positive,-0.86,2,2,0.39
884c40fe-3eb9-4dbf-a294-a578f79f5bd8,156586e3-6f5a-44f4-a1db-cd390ee27ae7,phone,missing_order,1,gpt-support-v1,0.87,positive,0.8,5,3,0.18
b9f8f499-66df-49cb-be7f-579f2e364ff1,f5f32273-aed8-4e4b-b7bc-12655630c556,phone,delivery_delay,1,cx-automation-v2,0.83,neutral,0.22,2,3,0.57
5454a992-f4fe-4c9e-a21b-bca53170e1d7,3f0d8d52-12fa-49f7-b17d-9b454b538544,email,damaged_item,1,support-ai-lite,0.62,neutral,0.84,2,3,0.71
33dd293a-6ebf-4eb3-82b2-44438c57a0d0,be0331ac-1f20-4051-92f7-70679990166e,chat,delivery_delay,0,cx-automation-v2,0.8,positive,0.87,3,0,0.87
de1458a7-d051-4035-888b-32a76f6e83a6,1a7e1f57-08fb-44a6-b797-0d335cfdfe8d,phone,missing_order,0,cx-automation-v2,0.77,positive,0.23,2,2,0.22
fcc21d4f-6fde-4f01-93bd-133b884f7e74,f583920a-9b15-49de-a649-b5377a6d4e64,chat,missing_order,1,cx-automation-v2,0.68,positive,0.29,1,1,0.82
3de0bf13-bffd-4b2d-bfe0-8e0406f0d69e,fbb91e9d-4ead-47a3-baa9-434a86c21cbe,email,delivery_delay,0,support-ai-lite,0.71,negative,0.3,1,3,0.81
31e8b4dc-2dfa-45fb-868a-da449febb29c,51023ca0-6489-4569-aa1d-7bd0f34e9d57,phone,damaged_item,1,cx-automation-v2,0.85,neutral,0.9,4,1,0.57
58fbc4f4-bc41-404e-8e1b-1fb5cf515dfc,c0645186-d84d-494a-9e7b-845f67b939c5,chat,product_quality,0,support-ai-lite,0.68,neutral,-0.3,2,1,0.25
85e4fe71-620f-46cc-bc75-aa4c440fa22d,cdf9483b-6a6c-440f-9ba3-37ec3b933d2f,email,product_quality,1,gpt-support-v1,0.82,neutral,-0.91,1,2,0.85
d9e944b0-12a3-4ea2-ac04-75c6517507e3,1b397b1a-1e09-4112-8cc0-cf526a159776,email,damaged_item,0,gpt-support-v1,0.62,negative,0.75,1,0,0.72
fcc0f843-0aa3-4a78-aa9f-4a12e9496761,563b76c8-09f2-4fc2-b7b8-2a36ccce0355,phone,missing_order,1,support-ai-lite,0.75,neutral,-0.55,4,3,0.2
be8a8d48-0ecf-4f80-9aeb-0f7404225a69,417b4826-b2e8-4cb6-87d5-7f5754a052c8,phone,damaged_item,0,cx-automation-v2,0.74,positive,-0.96,3,0,0.47
f08a98f1-9bf2-4faa-9cb7-b43f68fc10a2,d36b199f-4874-44b8-8f59-b3ed2444824d,email,damaged_item,1,support-ai-lite,0.94,neutral,0.1,3,0,0.72
7fc9c5fc-152c-43c9-8f46-aab01f76b763,e9b73e79-af96-4080-8ba8-f9c34d02e865,email,missing_order,1,support-ai-lite,0.95,negative,0.22,1,0,0.5
02e4e84f-4fdd-4b47-8f6c-8058d3527fc8,f0d8b67a-88fe-498a-874a-cac8dfbc9402,phone,refund_request,0,gpt-support-v1,0.92,positive,0.16,5,2,0.19
c6d22cc3-30bb-4093-8c6e-c08fcd3d22f7,f80f0dee-2c55-4790-a2c2-f75241f096ec,email,missing_order,1,gpt-support-v1,0.75,negative,-0.09,2,0,0.81
43df96c8-c2a4-41e7-9fe4-3c7d02a95f9b,a14c1f5c-aa88-4d4b-804b-039bd6f8f628,email,product_quality,1,support-ai-lite,0.93,negative,-0.91,1,0,0.57
02c5c465-4a9c-420b-acec-8dd86148c903,a3d80f38-15c0-4da5-b319-bf6a816ca847,email,product_quality,0,gpt-support-v1,0.76,neutral,-0.42,3,3,0.66
9325e820-6fad-4330-9c3a-e7c9dfc44433,d85cc628-10c1-4832-8f74-1a278f51f712,chat,product_quality,0,cx-automation-v2,0.8,positive,0.26,4,2,0.7
74ac6c50-b337-4136-8248-24f1cb8e6cff,97046553-2744-462c-b271-4f02ecd4f753,email,delivery_delay,0,gpt-support-v1,0.64,neutral,0.33,1,0,0.27
ad741cd5-fbee-4aff-be27-b5e628607fd3,37379459-f2fc-489b-9ccf-fd4e42acf904,phone,missing_order,0,gpt-support-v1,0.82,neutral,-0.17,2,3,0.73
cdffddd2-e642-4460-b3d0-08a87de8ca36,c098d1a4-1b24-464a-ac5a-ec5ab55e9781,chat,missing_order,0,gpt-support-v1,0.88,neutral,-0.66,3,0,0.25
f2deaf73-eed1-42df-babc-2457212463db,3ad087b7-9d09-4996-a7e8-8679d81216fb,chat,missing_order,1,gpt-support-v1,0.67,positive,0.42,5,3,0.53
6ac1fd42-0449-4fde-a4b1-df804ee9fac5,4f7a1002-f477-4aea-9857-7c32f5fc0f06,email,refund_request,1,support-ai-lite,0.64,neutral,0,4,0,0.84
de442538-92c7-4855-b095-164ab7126c96,194755b0-b871-4161-a3db-e56551e2961d,email,missing_order,1,cx-automation-v2,0.88,negative,-0.55,1,3,0.24
6d31f524-2fd6-4e7a-9797-2664e5ea1abd,7d7e5f7a-9acd-4a98-9d1e-0eb5a866fa87,chat,damaged_item,0,gpt-support-v1,0.83,positive,-0.15,2,0,0.73
90132217-e373-484b-8a3a-7a42049c9350,a9f8f067-fffe-4d5c-9cf3-eb53e0a7ab90,chat,delivery_delay,0,gpt-support-v1,0.98,neutral,-0.3,3,0,0.82
4ffcfa88-c798-4f13-9b26-f83d623a0c82,07c269ee-3d26-4b85-8418-e745ff1e3ac9,phone,product_quality,1,cx-automation-v2,0.75,negative,0.29,4,2,0.77
ac7f64c1-c9ed-4d62-ae30-3cbee6e428bd,8bbb1af5-c70b-4481-a21c-211732739452,chat,refund_request,0,support-ai-lite,0.69,positive,-0.4,2,2,0.71
c6b4bdef-55e9-418b-841c-224c53865da0,1d446be8-57fc-4061-b258-9b3c3cbb6025,email,product_quality,0,support-ai-lite,0.72,negative,0.95,5,0,0.86
715d8235-aa0e-4fe7-bba6-5cc58b7c0455,436bb1fc-4894-4770-b58f-dd6b4f2f4e5d,email,product_quality,1,cx-automation-v2,0.86,neutral,0.36,5,1,0.82
004c7106-4ea5-4691-bff6-2dffdd087e22,b71d5dae-ff29-4e8f-8bbf-1cde19a66bb9,email,refund_request,1,cx-automation-v2,0.82,negative,-0.12,5,3,0.52
72b00f10-75b9-4374-b29e-f81ee1302955,42400976-c820-483e-b236-47db43e0c606,phone,refund_request,0,gpt-support-v1,0.68,neutral,-0.84,4,1,0.18
2472d940-153e-4a4f-8e1b-64fcea417bc5,bacff1ba-bb6d-4e1d-be4a-e2815321270c,phone,missing_order,0,gpt-support-v1,0.92,positive,0.28,5,2,0.38
d2678235-9bc1-40ea-a0b9-681f5a369abe,395116d3-1c71-47a6-80a5-b57d72e0a614,email,damaged_item,1,support-ai-lite,0.78,positive,0.59,2,1,0.39
6e2b3b39-de20-49b8-a403-0e7d17d46e90,c5d11b99-6cb3-46bb-8daa-877754ada811,phone,refund_request,0,support-ai-lite,0.71,positive,-0.18,3,1,0.32
4336697e-e872-42fc-a03d-11cc0eb1a4f0,9f46fc0c-728c-42da-9078-0b0dfbda24c3,chat,missing_order,0,gpt-support-v1,0.7,negative,-0.85,3,3,0.43
3964afcf-aedb-4b40-8428-fc1dbc0d7e16,9aaa5715-6405-4e6f-b348-8fea91dab5e5,chat,missing_order,1,cx-automation-v2,0.74,negative,-0.12,1,0,0.74
6c505cd0-cc08-4195-a5f7-388166d5a898,5a8dae5c-3258-47fe-8093-425c38552c25,phone,damaged_item,1,support-ai-lite,0.97,positive,0.42,4,1,0.37
2fd9da14-bab7-4270-a904-30acc92957e2,f54a5a77-0a85-43ee-b03a-4589f6f88603,chat,missing_order,0,gpt-support-v1,0.76,neutral,0.52,3,0,0.3
3fbc9a34-062e-463e-8ad1-83542a3026d0,f88f625b-d0e7-4a50-93ba-b9a86e57312d,chat,refund_request,1,gpt-support-v1,0.64,positive,-0.55,3,1,0.31
d26bcfd3-97d9-4c5e-a25f-893451da572f,ac724dd9-c43b-47fb-820b-a7c1854af5ee,email,delivery_delay,1,cx-automation-v2,0.95,positive,0.73,4,0,0.18
f122f344-d0da-4035-abff-ccd932346ad4,d37bd0c0-c8a2-4931-8ae1-861c42ff7b95,chat,refund_request,1,support-ai-lite,0.88,negative,0.23,3,1,0.37
2527e164-9a14-46e1-9539-ac8d4ddc158e,d4e0c03e-626c-4f16-b716-ae4895607a16,chat,delivery_delay,0,cx-automation-v2,0.62,negative,0.6,1,0,0.38
34ab9e82-8d7b-4e31-bd46-772b4a6230a0,2955aa57-1f1f-41cd-aeb6-c5206be0341a,chat,product_quality,1,cx-automation-v2,0.64,negative,-0.83,2,1,0.86
58e560ae-bacc-4a0c-b9cc-7dbfde26487c,a6a63c7c-b4fa-4c50-92da-62cae8edbb90,email,product_quality,1,support-ai-lite,0.74,neutral,0.81,3,2,0.88
9b538813-3563-4380-bbc8-de77d70840ae,0e104f15-cd6c-478a-9c57-8b0c7bb55e43,chat,missing_order,1,cx-automation-v2,0.65,positive,0.58,5,1,0.3
ef55874c-225a-4f6b-b82d-48ed04ba95e9,c775c16c-f15f-4c7c-b85d-6eae01d24b50,chat,product_quality,1,cx-automation-v2,0.88,negative,0.91,1,1,0.78
15a4d834-e64b-49a5-ae17-a5bc8b8b1bb4,85c09d29-55f7-4f15-9295-c647d54eb251,email,refund_request,1,cx-automation-v2,0.84,positive,0.91,2,2,0.62
8e0b4874-4c71-4715-b781-a383a7818b28,0560fb7c-1553-4ca4-9845-aca42be4e039,chat,missing_order,0,support-ai-lite,0.61,positive,0.1,1,3,0.26
223dab35-fc0c-4c39-aa4e-0f3421ca0868,cb2c108f-2fc2-4c44-852b-4e16caeac34b,email,refund_request,1,cx-automation-v2,0.69,negative,-0.51,5,0,0.48
eed4d655-506b-4959-ac65-9c48d8bd01cb,32c93278-8c1a-4df9-8c00-644280bd3f4a,chat,delivery_delay,0,support-ai-lite,0.75,positive,0.27,3,2,0.36
7e8eff30-cefb-4ea6-9d8c-acf13597d4cd,3257fbc3-2f67-4a6f-b773-4a1da530fb9b,email,product_quality,0,support-ai-lite,0.78,negative,0.89,1,1,0.42
51f09825-4284-4fcf-a8c3-a0df60d9e908,32ab3ea6-43ff-47ec-952b-bc1c21e9d152,email,damaged_item,1,cx-automation-v2,0.83,neutral,-0.26,3,1,0.22
ec31280a-c8ab-4edd-a3e6-a46874f1efb1,6a5cdc7c-0c7c-4981-bf24-48b69fb0162b,phone,damaged_item,0,cx-automation-v2,0.89,positive,-0.18,4,2,0.53
81ef50b9-c1a7-45a7-a6b4-611b2e019e53,1b4b2bde-14ed-452e-b6e8-700cc06548c9,email,damaged_item,1,cx-automation-v2,0.67,positive,0.75,2,1,0.24
2c02a4cd-fc6c-46e0-b6c7-2a817ea909e1,ea9e003a-686f-4e0d-ac96-c5de0f080336,email,product_quality,1,cx-automation-v2,0.79,negative,-0.1,5,3,0.63
2b8b007e-d3a2-4a31-b232-4eca78d16f86,90e239f3-587e-40d4-8911-f688ab80bffe,phone,damaged_item,1,cx-automation-v2,0.8,neutral,-0.74,2,3,0.45
41a6cdd9-dae8-4bdc-9d67-4ade2439b8ef,4fa6c1c0-e36c-4119-be51-49a98064eb51,email,missing_order,1,support-ai-lite,0.9,positive,-0.46,1,3,0.59
7e622bb5-2bdf-460f-b483-e0c24b10c0d9,c51536bc-b3d6-4225-9520-7e8a1bf50daf,phone,refund_request,1,cx-automation-v2,0.62,positive,-0.75,2,0,0.2
16eabe13-25bd-4459-9db2-27acbaecbab2,9b4655f7-6834-4cfa-a8eb-d4e620ddf1ff,phone,missing_order,0,support-ai-lite,0.98,positive,0.72,5,2,0.29
6a8d6447-f5e5-4c3d-a1fb-06642b2b3b26,10cb0c7f-2dd9-4866-a2cd-6c13162814e2,phone,product_quality,1,support-ai-lite,0.97,positive,0.36,1,1,0.82
5f61f2e6-e95e-4424-bc17-e7efe7a2e2fa,f76e24fe-d9a1-4506-bc5d-bec01fe761fa,email,damaged_item,0,cx-automation-v2,0.66,negative,-0.46,3,2,0.39
aa123e0e-b390-4501-8437-90f072601ce6,8820cb4f-b205-4a9b-b4d4-38dcf743d673,phone,delivery_delay,0,cx-automation-v2,0.62,neutral,-0.79,2,3,0.49
240dc0d9-24e4-4f5a-9aed-91c23866ef6c,4b37b83a-6e53-48aa-80b2-6dc96db9ec69,phone,damaged_item,1,cx-automation-v2,0.81,positive,-0.67,5,3,0.26
378d21b0-f3a6-477b-82a0-d92bc58e2bb8,e4a10c22-4b30-4c68-b338-1083ba058245,chat,delivery_delay,0,gpt-support-v1,0.87,positive,-0.85,2,1,0.68
ae028fde-036e-4a8a-9e1e-200e37d4ed61,25af0e11-ce82-4c2b-a10d-14e866233d65,phone,damaged_item,1,gpt-support-v1,0.9,neutral,0.35,5,2,0.16
ee9cc72e-01bb-4eea-8afe-9dc403a31066,910eaf07-bdf1-41f9-b7ff-2dd94d17088a,phone,damaged_item,1,gpt-support-v1,0.77,positive,0.71,1,3,0.78
165d3138-10d9-4154-a800-cda1a495d82b,1d6bba68-b539-4c0f-9062-6e25b0b72b5e,chat,delivery_delay,1,gpt-support-v1,0.83,negative,-0.18,5,1,0.61
a5f53fa9-71b3-411e-aa57-95b9dd90c8b8,2feaf417-3eff-430b-9a9c-eeb691ba164e,email,refund_request,1,cx-automation-v2,0.63,negative,0.3,1,3,0.83
f0cce02f-d1da-4f9d-aecf-756b19ae9732,46fa1322-23ab-4988-b35b-d95dbcc44469,email,missing_order,0,gpt-support-v1,0.94,positive,0.37,2,2,0.13
4ead954e-4f84-47cf-83c4-4a4d3955e2a9,6e7f9828-bcab-4930-ada9-c36b79a3fe68,phone,damaged_item,0,gpt-support-v1,0.9,negative,-0.3,1,3,0.68
3069b710-4b83-4d0b-b339-b4af847ad682,411534ef-7e15-4729-90d6-f783b4bbe3ed,email,refund_request,1,gpt-support-v1,0.7,positive,-0.25,5,2,0.75
40c1533b-0d05-4003-93d7-e765a072054a,d459587f-3e59-4f3a-a9c1-bfb0dd6b9522,email,missing_order,1,support-ai-lite,0.63,neutral,-0.16,4,2,0.87
b2f11afd-a7f5-4e59-ad2d-64c456718f48,c09eaf78-6eae-4648-be98-9ed7907e757b,chat,missing_order,0,gpt-support-v1,0.72,negative,-0.16,5,0,0.77
37cbfb80-0b70-426d-aa79-78699a56ee1d,d714d85d-a732-4ace-92c5-ad9c66394e07,phone,delivery_delay,1,cx-automation-v2,0.94,neutral,-0.24,4,3,0.72
e7fe5912-74b3-474b-8a34-537207adc8a5,4ae0e3e2-f3bd-41e7-98a9-b829614bb847,chat,product_quality,0,cx-automation-v2,0.63,neutral,-0.36,1,3,0.23
9dbe82bd-14cd-4c05-8abc-85c2a1f9fc2f,dd474906-85d4-47c3-9db4-114a46c79e52,email,product_quality,1,gpt-support-v1,0.66,positive,-0.81,3,0,0.48
affe7ec2-ddcb-4988-b071-a40cac063885,6d292b86-dc1b-48c9-87d2-66741d6b0703,email,delivery_delay,0,gpt-support-v1,0.72,positive,-0.36,3,1,0.44
aa4b6bd5-2a3b-4981-ad52-5180b9e1cc5c,a84447da-130a-4a18-8580-041e1bb1e8cc,email,delivery_delay,1,gpt-support-v1,0.68,negative,-0.74,3,3,0.17
cd5b4c5a-e5d9-43f0-9ddd-ab2943a251f7,9115d13e-6e97-40bc-a763-bd71b9cdd84e,email,refund_request,1,gpt-support-v1,0.9,positive,-0.11,2,3,0.61
049ebead-acfc-4f47-a5f2-fe1d47f58f78,da4bb97e-f948-44ec-a501-435b8cf58ea6,chat,delivery_delay,1,support-ai-lite,0.92,positive,-0.26,3,2,0.28
fad13714-13fd-41bb-b242-5f093e9564c1,9e62dbc7-c0a4-4df1-ab2d-fb089f51822a,phone,product_quality,1,gpt-support-v1,0.76,neutral,0.11,1,2,0.11
bcfc21a2-b113-40cf-9ae2-ef247ebefa1e,85d29dce-4c84-4418-b2ea-f8ab19ac33fa,phone,missing_order,1,gpt-support-v1,0.94,negative,0.94,2,3,0.45
52a44bf7-616c-47db-ab81-410f72a724fa,c8ebfa45-cd05-4be4-b322-eacc2feedd4d,phone,refund_request,1,cx-automation-v2,0.97,positive,0.32,2,3,0.76
b5290672-f354-4b58-a1a6-416657ab322f,c05bd6b6-2396-44c4-83a9-b742548cac73,phone,missing_order,0,gpt-support-v1,0.77,positive,-0.34,2,3,0.2
0d78e22a-de13-481d-b3ea-743dc7600c9f,402bf887-1ac7-4e89-86b0-575ca487efa9,chat,delivery_delay,1,cx-automation-v2,0.99,negative,0.13,4,0,0.41
5712eed2-17ad-4ed3-97e7-db5cf4e12966,5e4dbe52-75aa-4c5c-bc3b-bb8e8de7e895,phone,refund_request,0,support-ai-lite,0.74,neutral,-0.45,5,3,0.31
2ad45d20-c4d4-441a-839f-0c4faf7a44cb,0fb9978f-35ab-468f-90ca-a9a234ee5ea1,phone,missing_order,1,gpt-support-v1,0.82,negative,0.75,2,3,0.17
19a52db1-9f8a-450a-80e1-8e592f9dc057,a56fee64-4467-42d5-9c44-bc43b63fb0cf,chat,damaged_item,1,cx-automation-v2,0.75,positive,-0.66,1,1,0.78
9b644a53-149c-4a47-908c-776efc4e8115,b7f3726e-593d-421d-b462-39d3a3f0b12f,chat,product_quality,1,cx-automation-v2,0.98,positive,0.62,2,3,0.28
691fcfb8-44c3-4a4f-937c-3abf5ea50912,8bc97bec-c0f1-4654-9070-01f6e858623d,phone,missing_order,0,gpt-support-v1,0.84,negative,-0.77,4,0,0.69
36dc7a1d-a3c4-4081-920e-cbb329d31391,cb2c315b-4d8a-42ab-9dd7-d003bbb71f1d,phone,refund_request,0,support-ai-lite,0.68,neutral,-0.95,4,1,0.44
8b214b79-891c-4bd0-8d10-eeff6fb748b7,e1d7780d-c592-4489-84fc-d31d0200a797,email,damaged_item,1,gpt-support-v1,0.96,negative,0.97,2,1,0.32
6a48b6c4-bdbb-4f5c-829b-02f4599031f7,3a329d5a-170c-4be4-878e-6677e5d691e9,email,product_quality,0,cx-automation-v2,0.62,positive,-0.85,2,0,0.45
90286215-6c49-452d-8f6a-07fb815af80b,a0bced8a-590e-4d4a-a5e3-e246d62223a2,chat,refund_request,1,support-ai-lite,0.63,negative,0.98,1,1,0.67
16eb0092-2cad-4ee2-b95d-1ccf252ab52c,71a1cf2c-a56d-4799-b552-0de0cd8529f1,phone,delivery_delay,0,gpt-support-v1,0.7,negative,0.91,1,1,0.69
44aac56c-599b-47a2-8f70-67a452a8f84b,3026442f-7898-4982-b67b-daca68ef5c3a,chat,product_quality,0,gpt-support-v1,0.6,positive,-0.12,3,0,0.31
69e6b644-05de-4bd4-957f-8a4aaf6b3448,f371669c-d4dd-4a47-b432-d7c318102d29,phone,delivery_delay,1,gpt-support-v1,0.7,neutral,0.26,4,0,0.85
2b6eb630-fa09-4910-a1e6-bf3c35f5fd71,6d8afa7d-3ac6-4393-b945-7100a5c0909c,chat,product_quality,0,support-ai-lite,0.9,neutral,0.01,2,1,0.1
b6343bf1-cc34-4a66-97a0-d3f676806073,95ad7092-6e97-4b74-b509-73694c6e5c60,chat,refund_request,1,gpt-support-v1,0.6,negative,-0.07,1,2,0.85
853ce5b6-38fc-4820-8b70-372e2d06fcad,2ae97436-9315-4039-b4ec-dcf2fba565f1,email,damaged_item,0,cx-automation-v2,0.62,neutral,-0.79,1,0,0.84
72091754-335c-4cb9-9c4f-cbbca9bde89d,64db7b36-3936-4c34-b3c8-746d2ca51a2c,email,product_quality,0,gpt-support-v1,0.61,positive,-0.8,1,0,0.48
6d0702d7-e01a-444a-85de-5390073744c6,40ab171d-ade7-46a0-969d-ef1f18d3e479,phone,delivery_delay,0,cx-automation-v2,0.76,positive,-0.35,2,2,0.6
595e228c-735a-46ed-9443-777120bee2f8,98ce4daf-3367-41e4-a3ff-86b5c2a396c9,email,product_quality,0,gpt-support-v1,0.71,positive,0.46,3,3,0.58
abb7af5f-4b35-4f5f-9a78-ae8ee245b0f3,3037dc18-ecd5-48a2-b12e-b23890cce79d,email,product_quality,0,support-ai-lite,0.91,neutral,-0.27,3,0,0.37
1d3ddb44-d301-49ac-9d3f-51b8e8c3e5bb,4cfb2443-3710-4c2c-b5f5-1ab16c73ad46,chat,missing_order,1,gpt-support-v1,0.8,negative,0.45,3,0,0.33
e7968ce9-be2d-45c3-8357-001549702564,a9868e44-ef6d-4f20-a873-0d94bc8687d3,phone,damaged_item,0,gpt-support-v1,0.89,positive,0.8,5,3,0.56
9f8f36cf-435c-447e-81dc-237a18b11677,31ebe638-875f-4a4c-9bf5-17d88a87a117,email,damaged_item,1,support-ai-lite,0.83,positive,-0.13,3,0,0.14
a14c2808-59e7-413f-9518-fcd16ff1798d,611f448e-eba8-4062-8421-cf97887a480b,email,delivery_delay,0,cx-automation-v2,0.84,neutral,-0.04,5,1,0.36
81750044-0091-4143-9431-fae4124a602e,f5c34afd-700f-49a6-b8ca-942d7655a027,chat,delivery_delay,0,cx-automation-v2,0.69,negative,0.07,3,1,0.57
32236321-4186-44e9-bae5-1750836877a9,3b1e6b1f-cecd-4b2b-8990-d9fa009ff0a3,email,missing_order,1,support-ai-lite,0.77,neutral,0.98,4,3,0.43
10fae51f-c79d-486f-9e9e-db18815330c3,712c4ca4-e617-4e41-b38d-10693dbb944c,chat,refund_request,0,support-ai-lite,0.97,positive,0.04,3,2,0.74
6c2169f8-88f7-40fb-8cb8-d50b35c6ff0f,3c7dff1e-c1d6-42a2-b92b-70a710c190eb,phone,refund_request,1,cx-automation-v2,0.97,neutral,0.63,5,0,0.76
ca77ad9e-ebb8-4675-b7f3-91025e8b10d3,779d3d94-990b-4f80-98a6-65c4902acffa,chat,damaged_item,0,cx-automation-v2,0.62,positive,0.71,2,2,0.32
a4a0a68f-1a6b-4352-803b-9601ed9474fa,22547b07-20b9-47b2-9908-b7bc28a4c71b,phone,refund_request,1,support-ai-lite,0.79,neutral,-0.93,2,1,0.36
668f0086-a71e-415c-ab7f-120ec271ea7d,a1cb7291-4e00-4f7e-a356-acdfd54d21ae,chat,damaged_item,0,support-ai-lite,0.72,negative,0.3,5,1,0.13
b124f87f-75d2-4b43-81f8-d004ad81f5fc,f6c01267-689f-458d-822f-bb0bd75e2032,phone,damaged_item,1,cx-automation-v2,0.92,positive,-0.8,5,2,0.86
9b5bb1fe-36fa-405d-90be-03dfe8a2a0d2,45362d9b-93c7-4178-b84d-694a9406caeb,email,damaged_item,1,gpt-support-v1,0.87,positive,0.79,4,0,0.83
805fc5ff-83eb-427a-89dd-2372220aef92,54f3e735-9c9a-42c0-94df-0ba7ee88ac38,email,missing_order,0,cx-automation-v2,0.85,positive,-0.88,2,2,0.5
79ce7df2-2042-42db-94da-c801d6a758a4,ed8618dd-9ea3-4438-ae6d-b2840811bbad,phone,refund_request,0,gpt-support-v1,0.93,negative,-0.82,1,2,0.26
81418976-f060-4fe5-b39e-4646592ca601,6d9a047f-928d-4adc-a87c-177b0d6cf2bb,chat,delivery_delay,1,support-ai-lite,0.76,negative,0.03,1,3,0.38
1d987534-f9a3-4dfa-92d4-c8c162668906,d178e0bb-14f3-495b-b0e4-ff4ff4668e24,phone,delivery_delay,1,gpt-support-v1,0.99,positive,-0.53,3,2,0.1
d42bfa02-574a-4563-af10-64365b5df5f8,9c87792e-7761-458b-bdd4-1c0d049a98b5,email,missing_order,0,cx-automation-v2,0.64,positive,0.49,4,2,0.2
408199cf-2377-4894-9dbb-ea5c1b646552,95ca205d-34e5-411b-8949-89e9b25ed708,chat,damaged_item,0,cx-automation-v2,0.83,positive,-0.15,4,3,0.35
2059b78b-267f-4110-a0d5-9c9446433ee1,e61b14d1-8097-402f-b69f-b6d8b50fe846,chat,damaged_item,0,support-ai-lite,0.82,positive,0.39,1,1,0.6
bd4c6e3d-ac84-4adf-bb26-8b5c8187f2c8,a7110217-e8db-40e3-8db2-7018dee4a1a3,phone,delivery_delay,1,cx-automation-v2,0.63,neutral,0.21,1,2,0.89
cf8249f4-e32f-45ac-80f0-76b026eabeeb,e113dc05-29d4-48ae-a76b-a5b04582f956,email,product_quality,0,support-ai-lite,0.88,positive,-0.38,2,3,0.88
0ddf8d21-47b7-4c3b-83e0-3ea8cce0b1ab,1f137804-7edb-4654-aef9-aa1d05828ebd,phone,product_quality,0,support-ai-lite,0.95,positive,0.47,4,3,0.19
5d8a724a-4045-49ef-8fad-2f0bd323fac4,eb176cac-f3f3-4ee6-89b5-2c33fc593470,email,product_quality,0,cx-automation-v2,0.72,negative,0.69,5,3,0.34
bc4cb3c2-1d4a-4bd2-98c3-5a76344719b7,6bdf1828-2c13-4111-b786-d4e6a4de5315,phone,delivery_delay,1,support-ai-lite,0.95,negative,0.16,5,1,0.22
e12b8556-3f3d-4cd4-a897-29bdabfa508c,1836eefe-0764-4f9d-9d45-b80b72cb6525,email,delivery_delay,0,support-ai-lite,0.81,neutral,0.53,2,0,0.46
6ba022d6-ca84-4c56-ab1a-e1943f1ae1b7,a82b55f6-9ce0-41cb-a2f1-500d3921ce6b,phone,missing_order,1,gpt-support-v1,0.66,positive,0.25,3,0,0.26
00192be1-1045-4206-b65c-b58e9434bcb3,4c1aae7e-8a33-497b-9ac9-7fd4b65e5e36,chat,refund_request,1,cx-automation-v2,0.75,neutral,0.71,1,2,0.86
ed5467a3-6437-404e-bc28-9bf2a90fa772,72013d00-5040-449e-986d-f5908ba3b31b,email,product_quality,0,support-ai-lite,0.82,negative,0.31,1,2,0.16
385f9c87-d4a1-400c-bf6b-774322113b2e,9b518dfa-d155-4ea7-9007-b081fe64b364,chat,delivery_delay,1,gpt-support-v1,0.84,negative,-0.61,5,2,0.18
7e65aaa2-8a6f-4926-9fe1-cb9f8d4a82f6,2808b6bd-6428-485d-9fa4-83c4fe696e6e,chat,refund_request,0,cx-automation-v2,0.73,positive,-0.78,4,2,0.4
b9ad9d5f-afc4-4139-8093-6780c3021248,5652de21-7f6f-4b8c-ab1e-9e31bc7b369f,email,refund_request,1,support-ai-lite,0.98,neutral,-0.79,4,1,0.37
c0231861-e5e7-4b11-a331-d864e6f42f51,b28a3db9-eeab-4173-9d0e-d5caee718d47,phone,delivery_delay,0,cx-automation-v2,0.85,negative,0.9,2,0,0.25
fd952180-9fc6-481f-a399-854a629c7cdb,78b7e954-fb4c-4b5c-8e0c-a1b8d47789c3,email,product_quality,0,cx-automation-v2,0.8,positive,0.95,2,2,0.47
34d62612-7891-43ed-a91e-c7b84a657ac4,0ce8ea8e-6836-4b71-aec3-5da6f526fddb,email,refund_request,0,gpt-support-v1,0.94,positive,0.7,2,1,0.5
87e3dcfd-1c5f-42e3-a959-a74ea0252e90,dda8ed70-4d8b-499b-b1e3-505597c0bf7f,phone,product_quality,1,support-ai-lite,0.96,neutral,-0.98,5,0,0.59
e9a0d676-6fa8-4228-9b74-3e03c4987503,7a6eeef9-5aaf-49ad-b489-397108e95ef8,chat,delivery_delay,0,support-ai-lite,0.96,positive,-0.57,1,1,0.54
4df11ba5-2787-40e5-8a0e-19fe5e764b8d,32527d44-bcc4-4efe-a0dd-27f4a79b6ff1,email,missing_order,0,support-ai-lite,0.74,negative,-0.41,5,1,0.75
ff01607d-19a0-455b-bf5e-278274db5534,77d9325b-7196-4a39-b814-ce4b40eca0cb,chat,refund_request,0,cx-automation-v2,0.74,negative,-0.31,5,0,0.68
50974db7-114c-42c3-9908-e49556255919,175f669f-c77e-4485-8703-7f30be5f5ab5,email,delivery_delay,0,support-ai-lite,0.86,positive,0.31,2,1,0.19
4c4eeaff-550b-4da4-9fad-74e67a3c9fc0,1e7651a0-ab68-430a-862b-5c37d92bf543,phone,damaged_item,1,cx-automation-v2,0.65,negative,0.7,1,0,0.15
94f864a1-3aa0-441b-b9ce-87fbf0c82ce5,68092537-29fb-4b7d-b522-75cc7ca63ba8,email,refund_request,1,cx-automation-v2,0.93,positive,-0.75,3,3,0.59
c048b880-5070-4c90-9320-353090e64eb1,a5eb1c21-9c8f-4aa5-b770-01d760a904ec,chat,refund_request,0,cx-automation-v2,0.89,neutral,-0.45,1,2,0.87
b259adcc-205b-4f49-9917-daab857259c1,5a228013-c0be-4200-9f59-0af2283d1d75,chat,delivery_delay,0,cx-automation-v2,0.94,positive,-0.64,2,3,0.47
56aecb55-2e78-42e1-9ec8-5bf6c8a29f56,4c671e3a-0422-4e8f-91ef-ad1a1078324e,email,delivery_delay,0,cx-automation-v2,0.62,neutral,-0.9,2,1,0.39
101c2343-3dc3-449d-9fa2-621d4b8b6d12,1a98e03f-078f-4d6a-ba19-6a7e0d1dca07,phone,damaged_item,1,cx-automation-v2,0.84,neutral,0.74,1,1,0.75
3387e6f4-f962-4d1e-b3cc-c649383f6aae,764da185-45db-4f72-915d-a7c2971b6ede,chat,product_quality,0,support-ai-lite,0.94,negative,0.78,1,0,0.27
7cec064e-0e8a-409c-a1bf-f3f99a25f16a,4419769e-6d82-4eb7-96e7-216c7a278ea1,phone,delivery_delay,1,gpt-support-v1,0.93,positive,-0.39,4,0,0.79
8efb2664-a468-4045-8cdd-470b84a2fbc1,8d820389-55cd-47b8-a974-0df57ba1924f,chat,refund_request,1,support-ai-lite,0.89,positive,-0.04,1,0,0.31
8256f9cf-f2b2-43b9-9f7a-bfb6f85c2ca4,44732526-f013-48b7-a4c6-0c64fbd535b1,chat,product_quality,1,cx-automation-v2,0.61,positive,-0.8,5,3,0.74
2df31d72-192d-4701-9452-307a5c77e736,57f032a9-90ec-49d3-a613-5e097bd628bd,email,refund_request,1,support-ai-lite,0.77,negative,0.57,4,0,0.13
